Maintenance,Water Requirement,Growth Habit,Size and Height,Uses,Recommended Plant
Low,Low,Tree,Small,Ornamental,Bird of Paradise (Strelitzia reginae)
Low,Low,Tree,Small,Medicinal,Dragon Tree (Dracaena draco)
Low,Low,Tree,Small,Commercial,Bamboo Palm (Chamaedorea seifrizii)
Low,Low,Tree,Medium,Ornamental,Kangaroo Paw (Anigozanthos spp.)
Low,Low,Tree,Medium,Medicinal,Bougainvillea (Bougainvillea spp.)
Low,Low,Tree,Medium,Commercial,Plumeria (Plumeria spp.)
Low,Low,Tree,Dwarf,Ornamental,Aloe Vera (Aloe barbadensis miller)
Low,Low,Tree,Dwarf,Medicinal,Oleander (Nerium oleander)
Low,Low,Tree,Dwarf,Commercial,Canna Lily (Canna indica)
Low,Low,Tree,Large,Ornamental,Hibiscus (Hibiscus rosa-sinensis)
Low,Low,Tree,Large,Medicinal,Yucca (Yucca filamentosa)
Low,Low,Tree,Large,Commercial,Desert Rose (Adenium obesum)
Low,Low,Tree,Tall,Ornamental,Heliconia (Heliconia spp.)
Low,Low,Tree,Tall,Medicinal,Cypress (Cupressus spp.)
Low,Low,Tree,Tall,Commercial,Citrus Tree (Citrus spp.)
Low,Low,Shrub,Small,Ornamental,Bitter Melon (Momordica charantia)
Low,Low,Shrub,Small,Medicinal,Passion Fruit Vine (Passiflora edulis)
Low,Low,Shrub,Small,Commercial,Jade Plant (Crassula ovata)
Low,Low,Shrub,Medium,Ornamental,Mango Tree (Mangifera indica)
Low,Low,Shrub,Medium,Medicinal,Cocoa Tree (Theobroma cacao)
Low,Low,Shrub,Medium,Commercial,Tropical Ginger (Zingiber zerumbet)
Low,Low,Shrub,Dwarf,Ornamental,Red Banana (Ensete ventricosum)
Low,Low,Shrub,Dwarf,Medicinal,Rex Begonia (Begonia rex)
Low,Low,Shrub,Dwarf,Commercial,Chili Pepper (Capsicum annuum)
Low,Low,Shrub,Large,Ornamental,Maranta (Maranta spp.)
Low,Low,Shrub,Large,Medicinal,Angel’s Trumpet (Brugmansia spp.)
Low,Low,Shrub,Large,Commercial,Bird of Paradise (Strelitzia reginae)
Low,Low,Shrub,Tall,Ornamental,Dragon Tree (Dracaena draco)
Low,Low,Shrub,Tall,Medicinal,Bamboo Palm (Chamaedorea seifrizii)
Low,Low,Shrub,Tall,Commercial,Kangaroo Paw (Anigozanthos spp.)
Low,Low,Vine,Small,Ornamental,Bougainvillea (Bougainvillea spp.)
Low,Low,Vine,Small,Medicinal,Plumeria (Plumeria spp.)
Low,Low,Vine,Small,Commercial,Aloe Vera (Aloe barbadensis miller)
Low,Low,Vine,Medium,Ornamental,Oleander (Nerium oleander)
Low,Low,Vine,Medium,Medicinal,Canna Lily (Canna indica)
Low,Low,Vine,Medium,Commercial,Hibiscus (Hibiscus rosa-sinensis)
Low,Low,Vine,Dwarf,Ornamental,Yucca (Yucca filamentosa)
Low,Low,Vine,Dwarf,Medicinal,Desert Rose (Adenium obesum)
Low,Low,Vine,Dwarf,Commercial,Heliconia (Heliconia spp.)
Low,Low,Vine,Large,Ornamental,Cypress (Cupressus spp.)
Low,Low,Vine,Large,Medicinal,Citrus Tree (Citrus spp.)
Low,Low,Vine,Large,Commercial,Bitter Melon (Momordica charantia)
Low,Low,Vine,Tall,Ornamental,Passion Fruit Vine (Passiflora edulis)
Low,Low,Vine,Tall,Medicinal,Jade Plant (Crassula ovata)
Low,Low,Vine,Tall,Commercial,Mango Tree (Mangifera indica)
Low,Low,Ground cover,Small,Ornamental,Cocoa Tree (Theobroma cacao)
Low,Low,Ground cover,Small,Medicinal,Tropical Ginger (Zingiber zerumbet)
Low,Low,Ground cover,Small,Commercial,Red Banana (Ensete ventricosum)
Low,Low,Ground cover,Medium,Ornamental,Rex Begonia (Begonia rex)
Low,Low,Ground cover,Medium,Medicinal,Chili Pepper (Capsicum annuum)
Low,Low,Ground cover,Medium,Commercial,Maranta (Maranta spp.)
Low,Low,Ground cover,Dwarf,Ornamental,Angel’s Trumpet (Brugmansia spp.)
Low,Low,Ground cover,Dwarf,Medicinal,Bird of Paradise (Strelitzia reginae)
Low,Low,Ground cover,Dwarf,Commercial,Dragon Tree (Dracaena draco)
Low,Low,Ground cover,Large,Ornamental,Bamboo Palm (Chamaedorea seifrizii)
Low,Low,Ground cover,Large,Medicinal,Kangaroo Paw (Anigozanthos spp.)
Low,Low,Ground cover,Large,Commercial,Bougainvillea (Bougainvillea spp.)
Low,Low,Ground cover,Tall,Ornamental,Plumeria (Plumeria spp.)
Low,Low,Ground cover,Tall,Medicinal,Aloe Vera (Aloe barbadensis miller)
Low,Low,Ground cover,Tall,Commercial,Oleander (Nerium oleander)
Low,Low,Herbaceous,Small,Ornamental,Canna Lily (Canna indica)
Low,Low,Herbaceous,Small,Medicinal,Hibiscus (Hibiscus rosa-sinensis)
Low,Low,Herbaceous,Small,Commercial,Yucca (Yucca filamentosa)
Low,Low,Herbaceous,Medium,Ornamental,Desert Rose (Adenium obesum)
Low,Low,Herbaceous,Medium,Medicinal,Heliconia (Heliconia spp.)
Low,Low,Herbaceous,Medium,Commercial,Cypress (Cupressus spp.)
Low,Low,Herbaceous,Dwarf,Ornamental,Citrus Tree (Citrus spp.)
Low,Low,Herbaceous,Dwarf,Medicinal,Bitter Melon (Momordica charantia)
Low,Low,Herbaceous,Dwarf,Commercial,Passion Fruit Vine (Passiflora edulis)
Low,Low,Herbaceous,Large,Ornamental,Jade Plant (Crassula ovata)
Low,Low,Herbaceous,Large,Medicinal,Mango Tree (Mangifera indica)
Low,Low,Herbaceous,Large,Commercial,Cocoa Tree (Theobroma cacao)
Low,Low,Herbaceous,Tall,Ornamental,Tropical Ginger (Zingiber zerumbet)
Low,Low,Herbaceous,Tall,Medicinal,Red Banana (Ensete ventricosum)
Low,Low,Herbaceous,Tall,Commercial,Rex Begonia (Begonia rex)
Low,Low,Grass,Small,Ornamental,Chili Pepper (Capsicum annuum)
Low,Low,Grass,Small,Medicinal,Maranta (Maranta spp.)
Low,Low,Grass,Small,Commercial,Angel’s Trumpet (Brugmansia spp.)
Low,Low,Grass,Medium,Ornamental,Bird of Paradise (Strelitzia reginae)
Low,Low,Grass,Medium,Medicinal,Dragon Tree (Dracaena draco)
Low,Low,Grass,Medium,Commercial,Bamboo Palm (Chamaedorea seifrizii)
Low,Low,Grass,Dwarf,Ornamental,Kangaroo Paw (Anigozanthos spp.)
Low,Low,Grass,Dwarf,Medicinal,Bougainvillea (Bougainvillea spp.)
Low,Low,Grass,Dwarf,Commercial,Plumeria (Plumeria spp.)
Low,Low,Grass,Large,Ornamental,Aloe Vera (Aloe barbadensis miller)
Low,Low,Grass,Large,Medicinal,Oleander (Nerium oleander)
Low,Low,Grass,Large,Commercial,Canna Lily (Canna indica)
Low,Low,Grass,Tall,Ornamental,Hibiscus (Hibiscus rosa-sinensis)
Low,Low,Grass,Tall,Medicinal,Yucca (Yucca filamentosa)
Low,Low,Grass,Tall,Commercial,Desert Rose (Adenium obesum)
Low,Medium,Tree,Small,Ornamental,Heliconia (Heliconia spp.)
Low,Medium,Tree,Small,Medicinal,Cypress (Cupressus spp.)
Low,Medium,Tree,Small,Commercial,Citrus Tree (Citrus spp.)
Low,Medium,Tree,Medium,Ornamental,Bitter Melon (Momordica charantia)
Low,Medium,Tree,Medium,Medicinal,Passion Fruit Vine (Passiflora edulis)
Low,Medium,Tree,Medium,Commercial,Jade Plant (Crassula ovata)
Low,Medium,Tree,Dwarf,Ornamental,Mango Tree (Mangifera indica)
Low,Medium,Tree,Dwarf,Medicinal,Cocoa Tree (Theobroma cacao)
Low,Medium,Tree,Dwarf,Commercial,Tropical Ginger (Zingiber zerumbet)
Low,Medium,Tree,Large,Ornamental,Red Banana (Ensete ventricosum)
Low,Medium,Tree,Large,Medicinal,Rex Begonia (Begonia rex)
Low,Medium,Tree,Large,Commercial,Chili Pepper (Capsicum annuum)
Low,Medium,Tree,Tall,Ornamental,Maranta (Maranta spp.)
Low,Medium,Tree,Tall,Medicinal,Angel’s Trumpet (Brugmansia spp.)
Low,Medium,Tree,Tall,Commercial,Bird of Paradise (Strelitzia reginae)
Low,Medium,Shrub,Small,Ornamental,Dragon Tree (Dracaena draco)
Low,Medium,Shrub,Small,Medicinal,Bamboo Palm (Chamaedorea seifrizii)
Low,Medium,Shrub,Small,Commercial,Kangaroo Paw (Anigozanthos spp.)
Low,Medium,Shrub,Medium,Ornamental,Bougainvillea (Bougainvillea spp.)
Low,Medium,Shrub,Medium,Medicinal,Plumeria (Plumeria spp.)
Low,Medium,Shrub,Medium,Commercial,Aloe Vera (Aloe barbadensis miller)
Low,Medium,Shrub,Dwarf,Ornamental,Oleander (Nerium oleander)
Low,Medium,Shrub,Dwarf,Medicinal,Canna Lily (Canna indica)
Low,Medium,Shrub,Dwarf,Commercial,Hibiscus (Hibiscus rosa-sinensis)
Low,Medium,Shrub,Large,Ornamental,Yucca (Yucca filamentosa)
Low,Medium,Shrub,Large,Medicinal,Desert Rose (Adenium obesum)
Low,Medium,Shrub,Large,Commercial,Heliconia (Heliconia spp.)
Low,Medium,Shrub,Tall,Ornamental,Cypress (Cupressus spp.)
Low,Medium,Shrub,Tall,Medicinal,Citrus Tree (Citrus spp.)
Low,Medium,Shrub,Tall,Commercial,Bitter Melon (Momordica charantia)
Low,Medium,Vine,Small,Ornamental,Passion Fruit Vine (Passiflora edulis)
Low,Medium,Vine,Small,Medicinal,Jade Plant (Crassula ovata)
Low,Medium,Vine,Small,Commercial,Mango Tree (Mangifera indica)
Low,Medium,Vine,Medium,Ornamental,Cocoa Tree (Theobroma cacao)
Low,Medium,Vine,Medium,Medicinal,Tropical Ginger (Zingiber zerumbet)
Low,Medium,Vine,Medium,Commercial,Red Banana (Ensete ventricosum)
Low,Medium,Vine,Dwarf,Ornamental,Rex Begonia (Begonia rex)
Low,Medium,Vine,Dwarf,Medicinal,Chili Pepper (Capsicum annuum)
Low,Medium,Vine,Dwarf,Commercial,Maranta (Maranta spp.)
Low,Medium,Vine,Large,Ornamental,Angel’s Trumpet (Brugmansia spp.)
Low,Medium,Vine,Large,Medicinal,Bird of Paradise (Strelitzia reginae)
Low,Medium,Vine,Large,Commercial,Dragon Tree (Dracaena draco)
Low,Medium,Vine,Tall,Ornamental,Bamboo Palm (Chamaedorea seifrizii)
Low,Medium,Vine,Tall,Medicinal,Kangaroo Paw (Anigozanthos spp.)
Low,Medium,Vine,Tall,Commercial,Bougainvillea (Bougainvillea spp.)
Low,Medium,Ground cover,Small,Ornamental,Plumeria (Plumeria spp.)
Low,Medium,Ground cover,Small,Medicinal,Aloe Vera (Aloe barbadensis miller)
Low,Medium,Ground cover,Small,Commercial,Oleander (Nerium oleander)
Low,Medium,Ground cover,Medium,Ornamental,Canna Lily (Canna indica)
Low,Medium,Ground cover,Medium,Medicinal,Hibiscus (Hibiscus rosa-sinensis)
Low,Medium,Ground cover,Medium,Commercial,Yucca (Yucca filamentosa)
Low,Medium,Ground cover,Dwarf,Ornamental,Desert Rose (Adenium obesum)
Low,Medium,Ground cover,Dwarf,Medicinal,Heliconia (Heliconia spp.)
Low,Medium,Ground cover,Dwarf,Commercial,Cypress (Cupressus spp.)
Low,Medium,Ground cover,Large,Ornamental,Citrus Tree (Citrus spp.)
Low,Medium,Ground cover,Large,Medicinal,Bitter Melon (Momordica charantia)
Low,Medium,Ground cover,Large,Commercial,Passion Fruit Vine (Passiflora edulis)
Low,Medium,Ground cover,Tall,Ornamental,Jade Plant (Crassula ovata)
Low,Medium,Ground cover,Tall,Medicinal,Mango Tree (Mangifera indica)
Low,Medium,Ground cover,Tall,Commercial,Cocoa Tree (Theobroma cacao)
Low,Medium,Herbaceous,Small,Ornamental,Tropical Ginger (Zingiber zerumbet)
Low,Medium,Herbaceous,Small,Medicinal,Red Banana (Ensete ventricosum)
Low,Medium,Herbaceous,Small,Commercial,Rex Begonia (Begonia rex)
Low,Medium,Herbaceous,Medium,Ornamental,Chili Pepper (Capsicum annuum)
Low,Medium,Herbaceous,Medium,Medicinal,Maranta (Maranta spp.)
Low,Medium,Herbaceous,Medium,Commercial,Angel’s Trumpet (Brugmansia spp.)
Low,Medium,Herbaceous,Dwarf,Ornamental,Bird of Paradise (Strelitzia reginae)
Low,Medium,Herbaceous,Dwarf,Medicinal,Dragon Tree (Dracaena draco)
Low,Medium,Herbaceous,Dwarf,Commercial,Bamboo Palm (Chamaedorea seifrizii)
Low,Medium,Herbaceous,Large,Ornamental,Kangaroo Paw (Anigozanthos spp.)
Low,Medium,Herbaceous,Large,Medicinal,Bougainvillea (Bougainvillea spp.)
Low,Medium,Herbaceous,Large,Commercial,Plumeria (Plumeria spp.)
Low,Medium,Herbaceous,Tall,Ornamental,Aloe Vera (Aloe barbadensis miller)
Low,Medium,Herbaceous,Tall,Medicinal,Oleander (Nerium oleander)
Low,Medium,Herbaceous,Tall,Commercial,Canna Lily (Canna indica)
Low,Medium,Grass,Small,Ornamental,Hibiscus (Hibiscus rosa-sinensis)
Low,Medium,Grass,Small,Medicinal,Yucca (Yucca filamentosa)
Low,Medium,Grass,Small,Commercial,Desert Rose (Adenium obesum)
Low,Medium,Grass,Medium,Ornamental,Heliconia (Heliconia spp.)
Low,Medium,Grass,Medium,Medicinal,Cypress (Cupressus spp.)
Low,Medium,Grass,Medium,Commercial,Citrus Tree (Citrus spp.)
Low,Medium,Grass,Dwarf,Ornamental,Bitter Melon (Momordica charantia)
Low,Medium,Grass,Dwarf,Medicinal,Passion Fruit Vine (Passiflora edulis)
Low,Medium,Grass,Dwarf,Commercial,Jade Plant (Crassula ovata)
Low,Medium,Grass,Large,Ornamental,Mango Tree (Mangifera indica)
Low,Medium,Grass,Large,Medicinal,Cocoa Tree (Theobroma cacao)
Low,Medium,Grass,Large,Commercial,Tropical Ginger (Zingiber zerumbet)
Low,Medium,Grass,Tall,Ornamental,Red Banana (Ensete ventricosum)
Low,Medium,Grass,Tall,Medicinal,Rex Begonia (Begonia rex)
Low,Medium,Grass,Tall,Commercial,Chili Pepper (Capsicum annuum)
Low,High,Tree,Small,Ornamental,Maranta (Maranta spp.)
Low,High,Tree,Small,Medicinal,Angel’s Trumpet (Brugmansia spp.)
Low,High,Tree,Small,Commercial,Bird of Paradise (Strelitzia reginae)
Low,High,Tree,Medium,Ornamental,Dragon Tree (Dracaena draco)
Low,High,Tree,Medium,Medicinal,Bamboo Palm (Chamaedorea seifrizii)
Low,High,Tree,Medium,Commercial,Kangaroo Paw (Anigozanthos spp.)
Low,High,Tree,Dwarf,Ornamental,Bougainvillea (Bougainvillea spp.)
Low,High,Tree,Dwarf,Medicinal,Plumeria (Plumeria spp.)
Low,High,Tree,Dwarf,Commercial,Aloe Vera (Aloe barbadensis miller)
Low,High,Tree,Large,Ornamental,Oleander (Nerium oleander)
Low,High,Tree,Large,Medicinal,Canna Lily (Canna indica)
Low,High,Tree,Large,Commercial,Hibiscus (Hibiscus rosa-sinensis)
Low,High,Tree,Tall,Ornamental,Yucca (Yucca filamentosa)
Low,High,Tree,Tall,Medicinal,Desert Rose (Adenium obesum)
Low,High,Tree,Tall,Commercial,Heliconia (Heliconia spp.)
Low,High,Shrub,Small,Ornamental,Cypress (Cupressus spp.)
Low,High,Shrub,Small,Medicinal,Citrus Tree (Citrus spp.)
Low,High,Shrub,Small,Commercial,Bitter Melon (Momordica charantia)
Low,High,Shrub,Medium,Ornamental,Passion Fruit Vine (Passiflora edulis)
Low,High,Shrub,Medium,Medicinal,Jade Plant (Crassula ovata)
Low,High,Shrub,Medium,Commercial,Mango Tree (Mangifera indica)
Low,High,Shrub,Dwarf,Ornamental,Cocoa Tree (Theobroma cacao)
Low,High,Shrub,Dwarf,Medicinal,Tropical Ginger (Zingiber zerumbet)
Low,High,Shrub,Dwarf,Commercial,Red Banana (Ensete ventricosum)
Low,High,Shrub,Large,Ornamental,Rex Begonia (Begonia rex)
Low,High,Shrub,Large,Medicinal,Chili Pepper (Capsicum annuum)
Low,High,Shrub,Large,Commercial,Maranta (Maranta spp.)
Low,High,Shrub,Tall,Ornamental,Angel’s Trumpet (Brugmansia spp.)
Low,High,Shrub,Tall,Medicinal,Bird of Paradise (Strelitzia reginae)
Low,High,Shrub,Tall,Commercial,Dragon Tree (Dracaena draco)
Low,High,Vine,Small,Ornamental,Bamboo Palm (Chamaedorea seifrizii)
Low,High,Vine,Small,Medicinal,Kangaroo Paw (Anigozanthos spp.)
Low,High,Vine,Small,Commercial,Bougainvillea (Bougainvillea spp.)
Low,High,Vine,Medium,Ornamental,Plumeria (Plumeria spp.)
Low,High,Vine,Medium,Medicinal,Aloe Vera (Aloe barbadensis miller)
Low,High,Vine,Medium,Commercial,Oleander (Nerium oleander)
Low,High,Vine,Dwarf,Ornamental,Canna Lily (Canna indica)
Low,High,Vine,Dwarf,Medicinal,Hibiscus (Hibiscus rosa-sinensis)
Low,High,Vine,Dwarf,Commercial,Yucca (Yucca filamentosa)
Low,High,Vine,Large,Ornamental,Desert Rose (Adenium obesum)
Low,High,Vine,Large,Medicinal,Heliconia (Heliconia spp.)
Low,High,Vine,Large,Commercial,Cypress (Cupressus spp.)
Low,High,Vine,Tall,Ornamental,Citrus Tree (Citrus spp.)
Low,High,Vine,Tall,Medicinal,Bitter Melon (Momordica charantia)
Low,High,Vine,Tall,Commercial,Passion Fruit Vine (Passiflora edulis)
Low,High,Ground cover,Small,Ornamental,Jade Plant (Crassula ovata)
Low,High,Ground cover,Small,Medicinal,Mango Tree (Mangifera indica)
Low,High,Ground cover,Small,Commercial,Cocoa Tree (Theobroma cacao)
Low,High,Ground cover,Medium,Ornamental,Tropical Ginger (Zingiber zerumbet)
Low,High,Ground cover,Medium,Medicinal,Red Banana (Ensete ventricosum)
Low,High,Ground cover,Medium,Commercial,Rex Begonia (Begonia rex)
Low,High,Ground cover,Dwarf,Ornamental,Chili Pepper (Capsicum annuum)
Low,High,Ground cover,Dwarf,Medicinal,Maranta (Maranta spp.)
Low,High,Ground cover,Dwarf,Commercial,Angel’s Trumpet (Brugmansia spp.)
Low,High,Ground cover,Large,Ornamental,Bird of Paradise (Strelitzia reginae)
Low,High,Ground cover,Large,Medicinal,Dragon Tree (Dracaena draco)
Low,High,Ground cover,Large,Commercial,Bamboo Palm (Chamaedorea seifrizii)
Low,High,Ground cover,Tall,Ornamental,Kangaroo Paw (Anigozanthos spp.)
Low,High,Ground cover,Tall,Medicinal,Bougainvillea (Bougainvillea spp.)
Low,High,Ground cover,Tall,Commercial,Plumeria (Plumeria spp.)
Low,High,Herbaceous,Small,Ornamental,Aloe Vera (Aloe barbadensis miller)
Low,High,Herbaceous,Small,Medicinal,Oleander (Nerium oleander)
Low,High,Herbaceous,Small,Commercial,Canna Lily (Canna indica)
Low,High,Herbaceous,Medium,Ornamental,Hibiscus (Hibiscus rosa-sinensis)
Low,High,Herbaceous,Medium,Medicinal,Yucca (Yucca filamentosa)
Low,High,Herbaceous,Medium,Commercial,Desert Rose (Adenium obesum)
Low,High,Herbaceous,Dwarf,Ornamental,Heliconia (Heliconia spp.)
Low,High,Herbaceous,Dwarf,Medicinal,Cypress (Cupressus spp.)
Low,High,Herbaceous,Dwarf,Commercial,Citrus Tree (Citrus spp.)
Low,High,Herbaceous,Large,Ornamental,Bitter Melon (Momordica charantia)
Low,High,Herbaceous,Large,Medicinal,Passion Fruit Vine (Passiflora edulis)
Low,High,Herbaceous,Large,Commercial,Jade Plant (Crassula ovata)
Low,High,Herbaceous,Tall,Ornamental,Mango Tree (Mangifera indica)
Low,High,Herbaceous,Tall,Medicinal,Cocoa Tree (Theobroma cacao)
Low,High,Herbaceous,Tall,Commercial,Tropical Ginger (Zingiber zerumbet)
Low,High,Grass,Small,Ornamental,Red Banana (Ensete ventricosum)
Low,High,Grass,Small,Medicinal,Rex Begonia (Begonia rex)
Low,High,Grass,Small,Commercial,Chili Pepper (Capsicum annuum)
Low,High,Grass,Medium,Ornamental,Maranta (Maranta spp.)
Low,High,Grass,Medium,Medicinal,Angel’s Trumpet (Brugmansia spp.)
Low,High,Grass,Medium,Commercial,Bird of Paradise (Strelitzia reginae)
Low,High,Grass,Dwarf,Ornamental,Dragon Tree (Dracaena draco)
Low,High,Grass,Dwarf,Medicinal,Bamboo Palm (Chamaedorea seifrizii)
Low,High,Grass,Dwarf,Commercial,Kangaroo Paw (Anigozanthos spp.)
Low,High,Grass,Large,Ornamental,Bougainvillea (Bougainvillea spp.)
Low,High,Grass,Large,Medicinal,Plumeria (Plumeria spp.)
Low,High,Grass,Large,Commercial,Aloe Vera (Aloe barbadensis miller)
Low,High,Grass,Tall,Ornamental,Oleander (Nerium oleander)
Low,High,Grass,Tall,Medicinal,Canna Lily (Canna indica)
Low,High,Grass,Tall,Commercial,Hibiscus (Hibiscus rosa-sinensis)
Medium,Low,Tree,Small,Ornamental,Yucca (Yucca filamentosa)
Medium,Low,Tree,Small,Medicinal,Desert Rose (Adenium obesum)
Medium,Low,Tree,Small,Commercial,Heliconia (Heliconia spp.)
Medium,Low,Tree,Medium,Ornamental,Cypress (Cupressus spp.)
Medium,Low,Tree,Medium,Medicinal,Citrus Tree (Citrus spp.)
Medium,Low,Tree,Medium,Commercial,Bitter Melon (Momordica charantia)
Medium,Low,Tree,Dwarf,Ornamental,Passion Fruit Vine (Passiflora edulis)
Medium,Low,Tree,Dwarf,Medicinal,Jade Plant (Crassula ovata)
Medium,Low,Tree,Dwarf,Commercial,Mango Tree (Mangifera indica)
Medium,Low,Tree,Large,Ornamental,Cocoa Tree (Theobroma cacao)
Medium,Low,Tree,Large,Medicinal,Tropical Ginger (Zingiber zerumbet)
Medium,Low,Tree,Large,Commercial,Red Banana (Ensete ventricosum)
Medium,Low,Tree,Tall,Ornamental,Rex Begonia (Begonia rex)
Medium,Low,Tree,Tall,Medicinal,Chili Pepper (Capsicum annuum)
Medium,Low,Tree,Tall,Commercial,Maranta (Maranta spp.)
Medium,Low,Shrub,Small,Ornamental,Angel’s Trumpet (Brugmansia spp.)
Medium,Low,Shrub,Small,Medicinal,Bird of Paradise (Strelitzia reginae)
Medium,Low,Shrub,Small,Commercial,Dragon Tree (Dracaena draco)
Medium,Low,Shrub,Medium,Ornamental,Bamboo Palm (Chamaedorea seifrizii)
Medium,Low,Shrub,Medium,Medicinal,Kangaroo Paw (Anigozanthos spp.)
Medium,Low,Shrub,Medium,Commercial,Bougainvillea (Bougainvillea spp.)
Medium,Low,Shrub,Dwarf,Ornamental,Plumeria (Plumeria spp.)
Medium,Low,Shrub,Dwarf,Medicinal,Aloe Vera (Aloe barbadensis miller)
Medium,Low,Shrub,Dwarf,Commercial,Oleander (Nerium oleander)
Medium,Low,Shrub,Large,Ornamental,Canna Lily (Canna indica)
Medium,Low,Shrub,Large,Medicinal,Hibiscus (Hibiscus rosa-sinensis)
Medium,Low,Shrub,Large,Commercial,Yucca (Yucca filamentosa)
Medium,Low,Shrub,Tall,Ornamental,Desert Rose (Adenium obesum)
Medium,Low,Shrub,Tall,Medicinal,Heliconia (Heliconia spp.)
Medium,Low,Shrub,Tall,Commercial,Cypress (Cupressus spp.)
Medium,Low,Vine,Small,Ornamental,Citrus Tree (Citrus spp.)
Medium,Low,Vine,Small,Medicinal,Bitter Melon (Momordica charantia)
Medium,Low,Vine,Small,Commercial,Passion Fruit Vine (Passiflora edulis)
Medium,Low,Vine,Medium,Ornamental,Jade Plant (Crassula ovata)
Medium,Low,Vine,Medium,Medicinal,Mango Tree (Mangifera indica)
Medium,Low,Vine,Medium,Commercial,Cocoa Tree (Theobroma cacao)
Medium,Low,Vine,Dwarf,Ornamental,Tropical Ginger (Zingiber zerumbet)
Medium,Low,Vine,Dwarf,Medicinal,Red Banana (Ensete ventricosum)
Medium,Low,Vine,Dwarf,Commercial,Rex Begonia (Begonia rex)
Medium,Low,Vine,Large,Ornamental,Chili Pepper (Capsicum annuum)
Medium,Low,Vine,Large,Medicinal,Maranta (Maranta spp.)
Medium,Low,Vine,Large,Commercial,Angel’s Trumpet (Brugmansia spp.)
Medium,Low,Vine,Tall,Ornamental,Bird of Paradise (Strelitzia reginae)
Medium,Low,Vine,Tall,Medicinal,Dragon Tree (Dracaena draco)
Medium,Low,Vine,Tall,Commercial,Bamboo Palm (Chamaedorea seifrizii)
Medium,Low,Ground cover,Small,Ornamental,Kangaroo Paw (Anigozanthos spp.)
Medium,Low,Ground cover,Small,Medicinal,Bougainvillea (Bougainvillea spp.)
Medium,Low,Ground cover,Small,Commercial,Plumeria (Plumeria spp.)
Medium,Low,Ground cover,Medium,Ornamental,Aloe Vera (Aloe barbadensis miller)
Medium,Low,Ground cover,Medium,Medicinal,Oleander (Nerium oleander)
Medium,Low,Ground cover,Medium,Commercial,Canna Lily (Canna indica)
Medium,Low,Ground cover,Dwarf,Ornamental,Hibiscus (Hibiscus rosa-sinensis)
Medium,Low,Ground cover,Dwarf,Medicinal,Yucca (Yucca filamentosa)
Medium,Low,Ground cover,Dwarf,Commercial,Desert Rose (Adenium obesum)
Medium,Low,Ground cover,Large,Ornamental,Heliconia (Heliconia spp.)
Medium,Low,Ground cover,Large,Medicinal,Cypress (Cupressus spp.)
Medium,Low,Ground cover,Large,Commercial,Citrus Tree (Citrus spp.)
Medium,Low,Ground cover,Tall,Ornamental,Bitter Melon (Momordica charantia)
Medium,Low,Ground cover,Tall,Medicinal,Passion Fruit Vine (Passiflora edulis)
Medium,Low,Ground cover,Tall,Commercial,Jade Plant (Crassula ovata)
Medium,Low,Herbaceous,Small,Ornamental,Mango Tree (Mangifera indica)
Medium,Low,Herbaceous,Small,Medicinal,Cocoa Tree (Theobroma cacao)
Medium,Low,Herbaceous,Small,Commercial,Tropical Ginger (Zingiber zerumbet)
Medium,Low,Herbaceous,Medium,Ornamental,Red Banana (Ensete ventricosum)
Medium,Low,Herbaceous,Medium,Medicinal,Rex Begonia (Begonia rex)
Medium,Low,Herbaceous,Medium,Commercial,Chili Pepper (Capsicum annuum)
Medium,Low,Herbaceous,Dwarf,Ornamental,Maranta (Maranta spp.)
Medium,Low,Herbaceous,Dwarf,Medicinal,Angel’s Trumpet (Brugmansia spp.)
Medium,Low,Herbaceous,Dwarf,Commercial,Bird of Paradise (Strelitzia reginae)
Medium,Low,Herbaceous,Large,Ornamental,Dragon Tree (Dracaena draco)
Medium,Low,Herbaceous,Large,Medicinal,Bamboo Palm (Chamaedorea seifrizii)
Medium,Low,Herbaceous,Large,Commercial,Kangaroo Paw (Anigozanthos spp.)
Medium,Low,Herbaceous,Tall,Ornamental,Bougainvillea (Bougainvillea spp.)
Medium,Low,Herbaceous,Tall,Medicinal,Plumeria (Plumeria spp.)
Medium,Low,Herbaceous,Tall,Commercial,Aloe Vera (Aloe barbadensis miller)
Medium,Low,Grass,Small,Ornamental,Oleander (Nerium oleander)
Medium,Low,Grass,Small,Medicinal,Canna Lily (Canna indica)
Medium,Low,Grass,Small,Commercial,Hibiscus (Hibiscus rosa-sinensis)
Medium,Low,Grass,Medium,Ornamental,Yucca (Yucca filamentosa)
Medium,Low,Grass,Medium,Medicinal,Desert Rose (Adenium obesum)
Medium,Low,Grass,Medium,Commercial,Heliconia (Heliconia spp.)
Medium,Low,Grass,Dwarf,Ornamental,Cypress (Cupressus spp.)
Medium,Low,Grass,Dwarf,Medicinal,Citrus Tree (Citrus spp.)
Medium,Low,Grass,Dwarf,Commercial,Bitter Melon (Momordica charantia)
Medium,Low,Grass,Large,Ornamental,Passion Fruit Vine (Passiflora edulis)
Medium,Low,Grass,Large,Medicinal,Jade Plant (Crassula ovata)
Medium,Low,Grass,Large,Commercial,Mango Tree (Mangifera indica)
Medium,Low,Grass,Tall,Ornamental,Cocoa Tree (Theobroma cacao)
Medium,Low,Grass,Tall,Medicinal,Tropical Ginger (Zingiber zerumbet)
Medium,Low,Grass,Tall,Commercial,Red Banana (Ensete ventricosum)
Medium,Medium,Tree,Small,Ornamental,Rex Begonia (Begonia rex)
Medium,Medium,Tree,Small,Medicinal,Chili Pepper (Capsicum annuum)
Medium,Medium,Tree,Small,Commercial,Maranta (Maranta spp.)
Medium,Medium,Tree,Medium,Ornamental,Angel’s Trumpet (Brugmansia spp.)
Medium,Medium,Tree,Medium,Medicinal,Bird of Paradise (Strelitzia reginae)
Medium,Medium,Tree,Medium,Commercial,Dragon Tree (Dracaena draco)
Medium,Medium,Tree,Dwarf,Ornamental,Bamboo Palm (Chamaedorea seifrizii)
Medium,Medium,Tree,Dwarf,Medicinal,Kangaroo Paw (Anigozanthos spp.)
Medium,Medium,Tree,Dwarf,Commercial,Bougainvillea (Bougainvillea spp.)
Medium,Medium,Tree,Large,Ornamental,Plumeria (Plumeria spp.)
Medium,Medium,Tree,Large,Medicinal,Aloe Vera (Aloe barbadensis miller)
Medium,Medium,Tree,Large,Commercial,Oleander (Nerium oleander)
Medium,Medium,Tree,Tall,Ornamental,Canna Lily (Canna indica)
Medium,Medium,Tree,Tall,Medicinal,Hibiscus (Hibiscus rosa-sinensis)
Medium,Medium,Tree,Tall,Commercial,Yucca (Yucca filamentosa)
Medium,Medium,Shrub,Small,Ornamental,Desert Rose (Adenium obesum)
Medium,Medium,Shrub,Small,Medicinal,Heliconia (Heliconia spp.)
Medium,Medium,Shrub,Small,Commercial,Cypress (Cupressus spp.)
Medium,Medium,Shrub,Medium,Ornamental,Citrus Tree (Citrus spp.)
Medium,Medium,Shrub,Medium,Medicinal,Bitter Melon (Momordica charantia)
Medium,Medium,Shrub,Medium,Commercial,Passion Fruit Vine (Passiflora edulis)
Medium,Medium,Shrub,Dwarf,Ornamental,Jade Plant (Crassula ovata)
Medium,Medium,Shrub,Dwarf,Medicinal,Mango Tree (Mangifera indica)
Medium,Medium,Shrub,Dwarf,Commercial,Cocoa Tree (Theobroma cacao)
Medium,Medium,Shrub,Large,Ornamental,Tropical Ginger (Zingiber zerumbet)
Medium,Medium,Shrub,Large,Medicinal,Red Banana (Ensete ventricosum)
Medium,Medium,Shrub,Large,Commercial,Rex Begonia (Begonia rex)
Medium,Medium,Shrub,Tall,Ornamental,Chili Pepper (Capsicum annuum)
Medium,Medium,Shrub,Tall,Medicinal,Maranta (Maranta spp.)
Medium,Medium,Shrub,Tall,Commercial,Angel’s Trumpet (Brugmansia spp.)
Medium,Medium,Vine,Small,Ornamental,Bird of Paradise (Strelitzia reginae)
Medium,Medium,Vine,Small,Medicinal,Dragon Tree (Dracaena draco)
Medium,Medium,Vine,Small,Commercial,Bamboo Palm (Chamaedorea seifrizii)
Medium,Medium,Vine,Medium,Ornamental,Kangaroo Paw (Anigozanthos spp.)
Medium,Medium,Vine,Medium,Medicinal,Bougainvillea (Bougainvillea spp.)
Medium,Medium,Vine,Medium,Commercial,Plumeria (Plumeria spp.)
Medium,Medium,Vine,Dwarf,Ornamental,Aloe Vera (Aloe barbadensis miller)
Medium,Medium,Vine,Dwarf,Medicinal,Oleander (Nerium oleander)
Medium,Medium,Vine,Dwarf,Commercial,Canna Lily (Canna indica)
Medium,Medium,Vine,Large,Ornamental,Hibiscus (Hibiscus rosa-sinensis)
Medium,Medium,Vine,Large,Medicinal,Yucca (Yucca filamentosa)
Medium,Medium,Vine,Large,Commercial,Desert Rose (Adenium obesum)
Medium,Medium,Vine,Tall,Ornamental,Heliconia (Heliconia spp.)
Medium,Medium,Vine,Tall,Medicinal,Cypress (Cupressus spp.)
Medium,Medium,Vine,Tall,Commercial,Citrus Tree (Citrus spp.)
Medium,Medium,Ground cover,Small,Ornamental,Bitter Melon (Momordica charantia)
Medium,Medium,Ground cover,Small,Medicinal,Passion Fruit Vine (Passiflora edulis)
Medium,Medium,Ground cover,Small,Commercial,Jade Plant (Crassula ovata)
Medium,Medium,Ground cover,Medium,Ornamental,Mango Tree (Mangifera indica)
Medium,Medium,Ground cover,Medium,Medicinal,Cocoa Tree (Theobroma cacao)
Medium,Medium,Ground cover,Medium,Commercial,Tropical Ginger (Zingiber zerumbet)
Medium,Medium,Ground cover,Dwarf,Ornamental,Red Banana (Ensete ventricosum)
Medium,Medium,Ground cover,Dwarf,Medicinal,Rex Begonia (Begonia rex)
Medium,Medium,Ground cover,Dwarf,Commercial,Chili Pepper (Capsicum annuum)
Medium,Medium,Ground cover,Large,Ornamental,Maranta (Maranta spp.)
Medium,Medium,Ground cover,Large,Medicinal,Angel’s Trumpet (Brugmansia spp.)
Medium,Medium,Ground cover,Large,Commercial,Bird of Paradise (Strelitzia reginae)
Medium,Medium,Ground cover,Tall,Ornamental,Dragon Tree (Dracaena draco)
Medium,Medium,Ground cover,Tall,Medicinal,Bamboo Palm (Chamaedorea seifrizii)
Medium,Medium,Ground cover,Tall,Commercial,Kangaroo Paw (Anigozanthos spp.)
Medium,Medium,Herbaceous,Small,Ornamental,Bougainvillea (Bougainvillea spp.)
Medium,Medium,Herbaceous,Small,Medicinal,Plumeria (Plumeria spp.)
Medium,Medium,Herbaceous,Small,Commercial,Aloe Vera (Aloe barbadensis miller)
Medium,Medium,Herbaceous,Medium,Ornamental,Oleander (Nerium oleander)
Medium,Medium,Herbaceous,Medium,Medicinal,Canna Lily (Canna indica)
Medium,Medium,Herbaceous,Medium,Commercial,Hibiscus (Hibiscus rosa-sinensis)
Medium,Medium,Herbaceous,Dwarf,Ornamental,Yucca (Yucca filamentosa)
Medium,Medium,Herbaceous,Dwarf,Medicinal,Desert Rose (Adenium obesum)
Medium,Medium,Herbaceous,Dwarf,Commercial,Heliconia (Heliconia spp.)
Medium,Medium,Herbaceous,Large,Ornamental,Cypress (Cupressus spp.)
Medium,Medium,Herbaceous,Large,Medicinal,Citrus Tree (Citrus spp.)
Medium,Medium,Herbaceous,Large,Commercial,Bitter Melon (Momordica charantia)
Medium,Medium,Herbaceous,Tall,Ornamental,Passion Fruit Vine (Passiflora edulis)
Medium,Medium,Herbaceous,Tall,Medicinal,Jade Plant (Crassula ovata)
Medium,Medium,Herbaceous,Tall,Commercial,Mango Tree (Mangifera indica)
Medium,Medium,Grass,Small,Ornamental,Cocoa Tree (Theobroma cacao)
Medium,Medium,Grass,Small,Medicinal,Tropical Ginger (Zingiber zerumbet)
Medium,Medium,Grass,Small,Commercial,Red Banana (Ensete ventricosum)
Medium,Medium,Grass,Medium,Ornamental,Rex Begonia (Begonia rex)
Medium,Medium,Grass,Medium,Medicinal,Chili Pepper (Capsicum annuum)
Medium,Medium,Grass,Medium,Commercial,Maranta (Maranta spp.)
Medium,Medium,Grass,Dwarf,Ornamental,Angel’s Trumpet (Brugmansia spp.)
Medium,Medium,Grass,Dwarf,Medicinal,Bird of Paradise (Strelitzia reginae)
Medium,Medium,Grass,Dwarf,Commercial,Dragon Tree (Dracaena draco)
Medium,Medium,Grass,Large,Ornamental,Bamboo Palm (Chamaedorea seifrizii)
Medium,Medium,Grass,Large,Medicinal,Kangaroo Paw (Anigozanthos spp.)
Medium,Medium,Grass,Large,Commercial,Bougainvillea (Bougainvillea spp.)
Medium,Medium,Grass,Tall,Ornamental,Plumeria (Plumeria spp.)
Medium,Medium,Grass,Tall,Medicinal,Aloe Vera (Aloe barbadensis miller)
Medium,Medium,Grass,Tall,Commercial,Oleander (Nerium oleander)
Medium,High,Tree,Small,Ornamental,Canna Lily (Canna indica)
Medium,High,Tree,Small,Medicinal,Hibiscus (Hibiscus rosa-sinensis)
Medium,High,Tree,Small,Commercial,Yucca (Yucca filamentosa)
Medium,High,Tree,Medium,Ornamental,Desert Rose (Adenium obesum)
Medium,High,Tree,Medium,Medicinal,Heliconia (Heliconia spp.)
Medium,High,Tree,Medium,Commercial,Cypress (Cupressus spp.)
Medium,High,Tree,Dwarf,Ornamental,Citrus Tree (Citrus spp.)
Medium,High,Tree,Dwarf,Medicinal,Bitter Melon (Momordica charantia)
Medium,High,Tree,Dwarf,Commercial,Passion Fruit Vine (Passiflora edulis)
Medium,High,Tree,Large,Ornamental,Jade Plant (Crassula ovata)
Medium,High,Tree,Large,Medicinal,Mango Tree (Mangifera indica)
Medium,High,Tree,Large,Commercial,Cocoa Tree (Theobroma cacao)
Medium,High,Tree,Tall,Ornamental,Tropical Ginger (Zingiber zerumbet)
Medium,High,Tree,Tall,Medicinal,Red Banana (Ensete ventricosum)
Medium,High,Tree,Tall,Commercial,Rex Begonia (Begonia rex)
Medium,High,Shrub,Small,Ornamental,Chili Pepper (Capsicum annuum)
Medium,High,Shrub,Small,Medicinal,Maranta (Maranta spp.)
Medium,High,Shrub,Small,Commercial,Angel’s Trumpet (Brugmansia spp.)
Medium,High,Shrub,Medium,Ornamental,Bird of Paradise (Strelitzia reginae)
Medium,High,Shrub,Medium,Medicinal,Dragon Tree (Dracaena draco)
Medium,High,Shrub,Medium,Commercial,Bamboo Palm (Chamaedorea seifrizii)
Medium,High,Shrub,Dwarf,Ornamental,Kangaroo Paw (Anigozanthos spp.)
Medium,High,Shrub,Dwarf,Medicinal,Bougainvillea (Bougainvillea spp.)
Medium,High,Shrub,Dwarf,Commercial,Plumeria (Plumeria spp.)
Medium,High,Shrub,Large,Ornamental,Aloe Vera (Aloe barbadensis miller)
Medium,High,Shrub,Large,Medicinal,Oleander (Nerium oleander)
Medium,High,Shrub,Large,Commercial,Canna Lily (Canna indica)
Medium,High,Shrub,Tall,Ornamental,Hibiscus (Hibiscus rosa-sinensis)
Medium,High,Shrub,Tall,Medicinal,Yucca (Yucca filamentosa)
Medium,High,Shrub,Tall,Commercial,Desert Rose (Adenium obesum)
Medium,High,Vine,Small,Ornamental,Heliconia (Heliconia spp.)
Medium,High,Vine,Small,Medicinal,Cypress (Cupressus spp.)
Medium,High,Vine,Small,Commercial,Citrus Tree (Citrus spp.)
Medium,High,Vine,Medium,Ornamental,Bitter Melon (Momordica charantia)
Medium,High,Vine,Medium,Medicinal,Passion Fruit Vine (Passiflora edulis)
Medium,High,Vine,Medium,Commercial,Jade Plant (Crassula ovata)
Medium,High,Vine,Dwarf,Ornamental,Mango Tree (Mangifera indica)
Medium,High,Vine,Dwarf,Medicinal,Cocoa Tree (Theobroma cacao)
Medium,High,Vine,Dwarf,Commercial,Tropical Ginger (Zingiber zerumbet)
Medium,High,Vine,Large,Ornamental,Red Banana (Ensete ventricosum)
Medium,High,Vine,Large,Medicinal,Rex Begonia (Begonia rex)
Medium,High,Vine,Large,Commercial,Chili Pepper (Capsicum annuum)
Medium,High,Vine,Tall,Ornamental,Maranta (Maranta spp.)
Medium,High,Vine,Tall,Medicinal,Angel’s Trumpet (Brugmansia spp.)
Medium,High,Vine,Tall,Commercial,Bird of Paradise (Strelitzia reginae)
Medium,High,Ground cover,Small,Ornamental,Dragon Tree (Dracaena draco)
Medium,High,Ground cover,Small,Medicinal,Bamboo Palm (Chamaedorea seifrizii)
Medium,High,Ground cover,Small,Commercial,Kangaroo Paw (Anigozanthos spp.)
Medium,High,Ground cover,Medium,Ornamental,Bougainvillea (Bougainvillea spp.)
Medium,High,Ground cover,Medium,Medicinal,Plumeria (Plumeria spp.)
Medium,High,Ground cover,Medium,Commercial,Aloe Vera (Aloe barbadensis miller)
Medium,High,Ground cover,Dwarf,Ornamental,Oleander (Nerium oleander)
Medium,High,Ground cover,Dwarf,Medicinal,Canna Lily (Canna indica)
Medium,High,Ground cover,Dwarf,Commercial,Hibiscus (Hibiscus rosa-sinensis)
Medium,High,Ground cover,Large,Ornamental,Yucca (Yucca filamentosa)
Medium,High,Ground cover,Large,Medicinal,Desert Rose (Adenium obesum)
Medium,High,Ground cover,Large,Commercial,Heliconia (Heliconia spp.)
Medium,High,Ground cover,Tall,Ornamental,Cypress (Cupressus spp.)
Medium,High,Ground cover,Tall,Medicinal,Citrus Tree (Citrus spp.)
Medium,High,Ground cover,Tall,Commercial,Bitter Melon (Momordica charantia)
Medium,High,Herbaceous,Small,Ornamental,Passion Fruit Vine (Passiflora edulis)
Medium,High,Herbaceous,Small,Medicinal,Jade Plant (Crassula ovata)
Medium,High,Herbaceous,Small,Commercial,Mango Tree (Mangifera indica)
Medium,High,Herbaceous,Medium,Ornamental,Cocoa Tree (Theobroma cacao)
Medium,High,Herbaceous,Medium,Medicinal,Tropical Ginger (Zingiber zerumbet)
Medium,High,Herbaceous,Medium,Commercial,Red Banana (Ensete ventricosum)
Medium,High,Herbaceous,Dwarf,Ornamental,Rex Begonia (Begonia rex)
Medium,High,Herbaceous,Dwarf,Medicinal,Chili Pepper (Capsicum annuum)
Medium,High,Herbaceous,Dwarf,Commercial,Maranta (Maranta spp.)
Medium,High,Herbaceous,Large,Ornamental,Angel’s Trumpet (Brugmansia spp.)
Medium,High,Herbaceous,Large,Medicinal,Bird of Paradise (Strelitzia reginae)
Medium,High,Herbaceous,Large,Commercial,Dragon Tree (Dracaena draco)
Medium,High,Herbaceous,Tall,Ornamental,Bamboo Palm (Chamaedorea seifrizii)
Medium,High,Herbaceous,Tall,Medicinal,Kangaroo Paw (Anigozanthos spp.)
Medium,High,Herbaceous,Tall,Commercial,Bougainvillea (Bougainvillea spp.)
Medium,High,Grass,Small,Ornamental,Plumeria (Plumeria spp.)
Medium,High,Grass,Small,Medicinal,Aloe Vera (Aloe barbadensis miller)
Medium,High,Grass,Small,Commercial,Oleander (Nerium oleander)
Medium,High,Grass,Medium,Ornamental,Canna Lily (Canna indica)
Medium,High,Grass,Medium,Medicinal,Hibiscus (Hibiscus rosa-sinensis)
Medium,High,Grass,Medium,Commercial,Yucca (Yucca filamentosa)
Medium,High,Grass,Dwarf,Ornamental,Desert Rose (Adenium obesum)
Medium,High,Grass,Dwarf,Medicinal,Heliconia (Heliconia spp.)
Medium,High,Grass,Dwarf,Commercial,Cypress (Cupressus spp.)
Medium,High,Grass,Large,Ornamental,Citrus Tree (Citrus spp.)
Medium,High,Grass,Large,Medicinal,Bitter Melon (Momordica charantia)
Medium,High,Grass,Large,Commercial,Passion Fruit Vine (Passiflora edulis)
Medium,High,Grass,Tall,Ornamental,Jade Plant (Crassula ovata)
Medium,High,Grass,Tall,Medicinal,Mango Tree (Mangifera indica)
Medium,High,Grass,Tall,Commercial,Cocoa Tree (Theobroma cacao)
High,Low,Tree,Small,Ornamental,Tropical Ginger (Zingiber zerumbet)
High,Low,Tree,Small,Medicinal,Red Banana (Ensete ventricosum)
High,Low,Tree,Small,Commercial,Rex Begonia (Begonia rex)
High,Low,Tree,Medium,Ornamental,Chili Pepper (Capsicum annuum)
High,Low,Tree,Medium,Medicinal,Maranta (Maranta spp.)
High,Low,Tree,Medium,Commercial,Angel’s Trumpet (Brugmansia spp.)
High,Low,Tree,Dwarf,Ornamental,Bird of Paradise (Strelitzia reginae)
High,Low,Tree,Dwarf,Medicinal,Dragon Tree (Dracaena draco)
High,Low,Tree,Dwarf,Commercial,Bamboo Palm (Chamaedorea seifrizii)
High,Low,Tree,Large,Ornamental,Kangaroo Paw (Anigozanthos spp.)
High,Low,Tree,Large,Medicinal,Bougainvillea (Bougainvillea spp.)
High,Low,Tree,Large,Commercial,Plumeria (Plumeria spp.)
High,Low,Tree,Tall,Ornamental,Aloe Vera (Aloe barbadensis miller)
High,Low,Tree,Tall,Medicinal,Oleander (Nerium oleander)
High,Low,Tree,Tall,Commercial,Canna Lily (Canna indica)
High,Low,Shrub,Small,Ornamental,Hibiscus (Hibiscus rosa-sinensis)
High,Low,Shrub,Small,Medicinal,Yucca (Yucca filamentosa)
High,Low,Shrub,Small,Commercial,Desert Rose (Adenium obesum)
High,Low,Shrub,Medium,Ornamental,Heliconia (Heliconia spp.)
High,Low,Shrub,Medium,Medicinal,Cypress (Cupressus spp.)
High,Low,Shrub,Medium,Commercial,Citrus Tree (Citrus spp.)
High,Low,Shrub,Dwarf,Ornamental,Bitter Melon (Momordica charantia)
High,Low,Shrub,Dwarf,Medicinal,Passion Fruit Vine (Passiflora edulis)
High,Low,Shrub,Dwarf,Commercial,Jade Plant (Crassula ovata)
High,Low,Shrub,Large,Ornamental,Mango Tree (Mangifera indica)
High,Low,Shrub,Large,Medicinal,Cocoa Tree (Theobroma cacao)
High,Low,Shrub,Large,Commercial,Tropical Ginger (Zingiber zerumbet)
High,Low,Shrub,Tall,Ornamental,Red Banana (Ensete ventricosum)
High,Low,Shrub,Tall,Medicinal,Rex Begonia (Begonia rex)
High,Low,Shrub,Tall,Commercial,Chili Pepper (Capsicum annuum)
High,Low,Vine,Small,Ornamental,Maranta (Maranta spp.)
High,Low,Vine,Small,Medicinal,Angel’s Trumpet (Brugmansia spp.)
High,Low,Vine,Small,Commercial,Bird of Paradise (Strelitzia reginae)
High,Low,Vine,Medium,Ornamental,Dragon Tree (Dracaena draco)
High,Low,Vine,Medium,Medicinal,Bamboo Palm (Chamaedorea seifrizii)
High,Low,Vine,Medium,Commercial,Kangaroo Paw (Anigozanthos spp.)
High,Low,Vine,Dwarf,Ornamental,Bougainvillea (Bougainvillea spp.)
High,Low,Vine,Dwarf,Medicinal,Plumeria (Plumeria spp.)
High,Low,Vine,Dwarf,Commercial,Aloe Vera (Aloe barbadensis miller)
High,Low,Vine,Large,Ornamental,Oleander (Nerium oleander)
High,Low,Vine,Large,Medicinal,Canna Lily (Canna indica)
High,Low,Vine,Large,Commercial,Hibiscus (Hibiscus rosa-sinensis)
High,Low,Vine,Tall,Ornamental,Yucca (Yucca filamentosa)
High,Low,Vine,Tall,Medicinal,Desert Rose (Adenium obesum)
High,Low,Vine,Tall,Commercial,Heliconia (Heliconia spp.)
High,Low,Ground cover,Small,Ornamental,Cypress (Cupressus spp.)
High,Low,Ground cover,Small,Medicinal,Citrus Tree (Citrus spp.)
High,Low,Ground cover,Small,Commercial,Bitter Melon (Momordica charantia)
High,Low,Ground cover,Medium,Ornamental,Passion Fruit Vine (Passiflora edulis)
High,Low,Ground cover,Medium,Medicinal,Jade Plant (Crassula ovata)
High,Low,Ground cover,Medium,Commercial,Mango Tree (Mangifera indica)
High,Low,Ground cover,Dwarf,Ornamental,Cocoa Tree (Theobroma cacao)
High,Low,Ground cover,Dwarf,Medicinal,Tropical Ginger (Zingiber zerumbet)
High,Low,Ground cover,Dwarf,Commercial,Red Banana (Ensete ventricosum)
High,Low,Ground cover,Large,Ornamental,Rex Begonia (Begonia rex)
High,Low,Ground cover,Large,Medicinal,Chili Pepper (Capsicum annuum)
High,Low,Ground cover,Large,Commercial,Maranta (Maranta spp.)
High,Low,Ground cover,Tall,Ornamental,Angel’s Trumpet (Brugmansia spp.)
High,Low,Ground cover,Tall,Medicinal,Bird of Paradise (Strelitzia reginae)
High,Low,Ground cover,Tall,Commercial,Dragon Tree (Dracaena draco)
High,Low,Herbaceous,Small,Ornamental,Bamboo Palm (Chamaedorea seifrizii)
High,Low,Herbaceous,Small,Medicinal,Kangaroo Paw (Anigozanthos spp.)
High,Low,Herbaceous,Small,Commercial,Bougainvillea (Bougainvillea spp.)
High,Low,Herbaceous,Medium,Ornamental,Plumeria (Plumeria spp.)
High,Low,Herbaceous,Medium,Medicinal,Aloe Vera (Aloe barbadensis miller)
High,Low,Herbaceous,Medium,Commercial,Oleander (Nerium oleander)
High,Low,Herbaceous,Dwarf,Ornamental,Canna Lily (Canna indica)
High,Low,Herbaceous,Dwarf,Medicinal,Hibiscus (Hibiscus rosa-sinensis)
High,Low,Herbaceous,Dwarf,Commercial,Yucca (Yucca filamentosa)
High,Low,Herbaceous,Large,Ornamental,Desert Rose (Adenium obesum)
High,Low,Herbaceous,Large,Medicinal,Heliconia (Heliconia spp.)
High,Low,Herbaceous,Large,Commercial,Cypress (Cupressus spp.)
High,Low,Herbaceous,Tall,Ornamental,Citrus Tree (Citrus spp.)
High,Low,Herbaceous,Tall,Medicinal,Bitter Melon (Momordica charantia)
High,Low,Herbaceous,Tall,Commercial,Passion Fruit Vine (Passiflora edulis)
High,Low,Grass,Small,Ornamental,Jade Plant (Crassula ovata)
High,Low,Grass,Small,Medicinal,Mango Tree (Mangifera indica)
High,Low,Grass,Small,Commercial,Cocoa Tree (Theobroma cacao)
High,Low,Grass,Medium,Ornamental,Tropical Ginger (Zingiber zerumbet)
High,Low,Grass,Medium,Medicinal,Red Banana (Ensete ventricosum)
High,Low,Grass,Medium,Commercial,Rex Begonia (Begonia rex)
High,Low,Grass,Dwarf,Ornamental,Chili Pepper (Capsicum annuum)
High,Low,Grass,Dwarf,Medicinal,Maranta (Maranta spp.)
High,Low,Grass,Dwarf,Commercial,Angel’s Trumpet (Brugmansia spp.)
High,Low,Grass,Large,Ornamental,Bird of Paradise (Strelitzia reginae)
High,Low,Grass,Large,Medicinal,Dragon Tree (Dracaena draco)
High,Low,Grass,Large,Commercial,Bamboo Palm (Chamaedorea seifrizii)
High,Low,Grass,Tall,Ornamental,Kangaroo Paw (Anigozanthos spp.)
High,Low,Grass,Tall,Medicinal,Bougainvillea (Bougainvillea spp.)
High,Low,Grass,Tall,Commercial,Plumeria (Plumeria spp.)
High,Medium,Tree,Small,Ornamental,Aloe Vera (Aloe barbadensis miller)
High,Medium,Tree,Small,Medicinal,Oleander (Nerium oleander)
High,Medium,Tree,Small,Commercial,Canna Lily (Canna indica)
High,Medium,Tree,Medium,Ornamental,Hibiscus (Hibiscus rosa-sinensis)
High,Medium,Tree,Medium,Medicinal,Yucca (Yucca filamentosa)
High,Medium,Tree,Medium,Commercial,Desert Rose (Adenium obesum)
High,Medium,Tree,Dwarf,Ornamental,Heliconia (Heliconia spp.)
High,Medium,Tree,Dwarf,Medicinal,Cypress (Cupressus spp.)
High,Medium,Tree,Dwarf,Commercial,Citrus Tree (Citrus spp.)
High,Medium,Tree,Large,Ornamental,Bitter Melon (Momordica charantia)
High,Medium,Tree,Large,Medicinal,Passion Fruit Vine (Passiflora edulis)
High,Medium,Tree,Large,Commercial,Jade Plant (Crassula ovata)
High,Medium,Tree,Tall,Ornamental,Mango Tree (Mangifera indica)
High,Medium,Tree,Tall,Medicinal,Cocoa Tree (Theobroma cacao)
High,Medium,Tree,Tall,Commercial,Tropical Ginger (Zingiber zerumbet)
High,Medium,Shrub,Small,Ornamental,Red Banana (Ensete ventricosum)
High,Medium,Shrub,Small,Medicinal,Rex Begonia (Begonia rex)
High,Medium,Shrub,Small,Commercial,Chili Pepper (Capsicum annuum)
High,Medium,Shrub,Medium,Ornamental,Maranta (Maranta spp.)
High,Medium,Shrub,Medium,Medicinal,Angel’s Trumpet (Brugmansia spp.)
High,Medium,Shrub,Medium,Commercial,Bird of Paradise (Strelitzia reginae)
High,Medium,Shrub,Dwarf,Ornamental,Dragon Tree (Dracaena draco)
High,Medium,Shrub,Dwarf,Medicinal,Bamboo Palm (Chamaedorea seifrizii)
High,Medium,Shrub,Dwarf,Commercial,Kangaroo Paw (Anigozanthos spp.)
High,Medium,Shrub,Large,Ornamental,Bougainvillea (Bougainvillea spp.)
High,Medium,Shrub,Large,Medicinal,Plumeria (Plumeria spp.)
High,Medium,Shrub,Large,Commercial,Aloe Vera (Aloe barbadensis miller)
High,Medium,Shrub,Tall,Ornamental,Oleander (Nerium oleander)
High,Medium,Shrub,Tall,Medicinal,Canna Lily (Canna indica)
High,Medium,Shrub,Tall,Commercial,Hibiscus (Hibiscus rosa-sinensis)
High,Medium,Vine,Small,Ornamental,Yucca (Yucca filamentosa)
High,Medium,Vine,Small,Medicinal,Desert Rose (Adenium obesum)
High,Medium,Vine,Small,Commercial,Heliconia (Heliconia spp.)
High,Medium,Vine,Medium,Ornamental,Cypress (Cupressus spp.)
High,Medium,Vine,Medium,Medicinal,Citrus Tree (Citrus spp.)
High,Medium,Vine,Medium,Commercial,Bitter Melon (Momordica charantia)
High,Medium,Vine,Dwarf,Ornamental,Passion Fruit Vine (Passiflora edulis)
High,Medium,Vine,Dwarf,Medicinal,Jade Plant (Crassula ovata)
High,Medium,Vine,Dwarf,Commercial,Mango Tree (Mangifera indica)
High,Medium,Vine,Large,Ornamental,Cocoa Tree (Theobroma cacao)
High,Medium,Vine,Large,Medicinal,Tropical Ginger (Zingiber zerumbet)
High,Medium,Vine,Large,Commercial,Red Banana (Ensete ventricosum)
High,Medium,Vine,Tall,Ornamental,Rex Begonia (Begonia rex)
High,Medium,Vine,Tall,Medicinal,Chili Pepper (Capsicum annuum)
High,Medium,Vine,Tall,Commercial,Maranta (Maranta spp.)
High,Medium,Ground cover,Small,Ornamental,Angel’s Trumpet (Brugmansia spp.)
High,Medium,Ground cover,Small,Medicinal,Bird of Paradise (Strelitzia reginae)
High,Medium,Ground cover,Small,Commercial,Dragon Tree (Dracaena draco)
High,Medium,Ground cover,Medium,Ornamental,Bamboo Palm (Chamaedorea seifrizii)
High,Medium,Ground cover,Medium,Medicinal,Kangaroo Paw (Anigozanthos spp.)
High,Medium,Ground cover,Medium,Commercial,Bougainvillea (Bougainvillea spp.)
High,Medium,Ground cover,Dwarf,Ornamental,Plumeria (Plumeria spp.)
High,Medium,Ground cover,Dwarf,Medicinal,Aloe Vera (Aloe barbadensis miller)
High,Medium,Ground cover,Dwarf,Commercial,Oleander (Nerium oleander)
High,Medium,Ground cover,Large,Ornamental,Canna Lily (Canna indica)
High,Medium,Ground cover,Large,Medicinal,Hibiscus (Hibiscus rosa-sinensis)
High,Medium,Ground cover,Large,Commercial,Yucca (Yucca filamentosa)
High,Medium,Ground cover,Tall,Ornamental,Desert Rose (Adenium obesum)
High,Medium,Ground cover,Tall,Medicinal,Heliconia (Heliconia spp.)
High,Medium,Ground cover,Tall,Commercial,Cypress (Cupressus spp.)
High,Medium,Herbaceous,Small,Ornamental,Citrus Tree (Citrus spp.)
High,Medium,Herbaceous,Small,Medicinal,Bitter Melon (Momordica charantia)
High,Medium,Herbaceous,Small,Commercial,Passion Fruit Vine (Passiflora edulis)
High,Medium,Herbaceous,Medium,Ornamental,Jade Plant (Crassula ovata)
High,Medium,Herbaceous,Medium,Medicinal,Mango Tree (Mangifera indica)
High,Medium,Herbaceous,Medium,Commercial,Cocoa Tree (Theobroma cacao)
High,Medium,Herbaceous,Dwarf,Ornamental,Tropical Ginger (Zingiber zerumbet)
High,Medium,Herbaceous,Dwarf,Medicinal,Red Banana (Ensete ventricosum)
High,Medium,Herbaceous,Dwarf,Commercial,Rex Begonia (Begonia rex)
High,Medium,Herbaceous,Large,Ornamental,Chili Pepper (Capsicum annuum)
High,Medium,Herbaceous,Large,Medicinal,Maranta (Maranta spp.)
High,Medium,Herbaceous,Large,Commercial,Angel’s Trumpet (Brugmansia spp.)
High,Medium,Herbaceous,Tall,Ornamental,Bird of Paradise (Strelitzia reginae)
High,Medium,Herbaceous,Tall,Medicinal,Dragon Tree (Dracaena draco)
High,Medium,Herbaceous,Tall,Commercial,Bamboo Palm (Chamaedorea seifrizii)
High,Medium,Grass,Small,Ornamental,Kangaroo Paw (Anigozanthos spp.)
High,Medium,Grass,Small,Medicinal,Bougainvillea (Bougainvillea spp.)
High,Medium,Grass,Small,Commercial,Plumeria (Plumeria spp.)
High,Medium,Grass,Medium,Ornamental,Aloe Vera (Aloe barbadensis miller)
High,Medium,Grass,Medium,Medicinal,Oleander (Nerium oleander)
High,Medium,Grass,Medium,Commercial,Canna Lily (Canna indica)
High,Medium,Grass,Dwarf,Ornamental,Hibiscus (Hibiscus rosa-sinensis)
High,Medium,Grass,Dwarf,Medicinal,Yucca (Yucca filamentosa)
High,Medium,Grass,Dwarf,Commercial,Desert Rose (Adenium obesum)
High,Medium,Grass,Large,Ornamental,Heliconia (Heliconia spp.)
High,Medium,Grass,Large,Medicinal,Cypress (Cupressus spp.)
High,Medium,Grass,Large,Commercial,Citrus Tree (Citrus spp.)
High,Medium,Grass,Tall,Ornamental,Bitter Melon (Momordica charantia)
High,Medium,Grass,Tall,Medicinal,Passion Fruit Vine (Passiflora edulis)
High,Medium,Grass,Tall,Commercial,Jade Plant (Crassula ovata)
High,High,Tree,Small,Ornamental,Mango Tree (Mangifera indica)
High,High,Tree,Small,Medicinal,Cocoa Tree (Theobroma cacao)
High,High,Tree,Small,Commercial,Tropical Ginger (Zingiber zerumbet)
High,High,Tree,Medium,Ornamental,Red Banana (Ensete ventricosum)
High,High,Tree,Medium,Medicinal,Rex Begonia (Begonia rex)
High,High,Tree,Medium,Commercial,Chili Pepper (Capsicum annuum)
High,High,Tree,Dwarf,Ornamental,Maranta (Maranta spp.)
High,High,Tree,Dwarf,Medicinal,Angel’s Trumpet (Brugmansia spp.)
High,High,Tree,Dwarf,Commercial,Bird of Paradise (Strelitzia reginae)
High,High,Tree,Large,Ornamental,Dragon Tree (Dracaena draco)
High,High,Tree,Large,Medicinal,Bamboo Palm (Chamaedorea seifrizii)
High,High,Tree,Large,Commercial,Kangaroo Paw (Anigozanthos spp.)
High,High,Tree,Tall,Ornamental,Bougainvillea (Bougainvillea spp.)
High,High,Tree,Tall,Medicinal,Plumeria (Plumeria spp.)
High,High,Tree,Tall,Commercial,Aloe Vera (Aloe barbadensis miller)
High,High,Shrub,Small,Ornamental,Oleander (Nerium oleander)
High,High,Shrub,Small,Medicinal,Canna Lily (Canna indica)
High,High,Shrub,Small,Commercial,Hibiscus (Hibiscus rosa-sinensis)
High,High,Shrub,Medium,Ornamental,Yucca (Yucca filamentosa)
High,High,Shrub,Medium,Medicinal,Desert Rose (Adenium obesum)
High,High,Shrub,Medium,Commercial,Heliconia (Heliconia spp.)
High,High,Shrub,Dwarf,Ornamental,Cypress (Cupressus spp.)
High,High,Shrub,Dwarf,Medicinal,Citrus Tree (Citrus spp.)
High,High,Shrub,Dwarf,Commercial,Bitter Melon (Momordica charantia)
High,High,Shrub,Large,Ornamental,Passion Fruit Vine (Passiflora edulis)
High,High,Shrub,Large,Medicinal,Jade Plant (Crassula ovata)
High,High,Shrub,Large,Commercial,Mango Tree (Mangifera indica)
High,High,Shrub,Tall,Ornamental,Cocoa Tree (Theobroma cacao)
High,High,Shrub,Tall,Medicinal,Tropical Ginger (Zingiber zerumbet)
High,High,Shrub,Tall,Commercial,Red Banana (Ensete ventricosum)
High,High,Vine,Small,Ornamental,Rex Begonia (Begonia rex)
High,High,Vine,Small,Medicinal,Chili Pepper (Capsicum annuum)
High,High,Vine,Small,Commercial,Maranta (Maranta spp.)
High,High,Vine,Medium,Ornamental,Angel’s Trumpet (Brugmansia spp.)
High,High,Vine,Medium,Medicinal,Bird of Paradise (Strelitzia reginae)
High,High,Vine,Medium,Commercial,Dragon Tree (Dracaena draco)
High,High,Vine,Dwarf,Ornamental,Bamboo Palm (Chamaedorea seifrizii)
High,High,Vine,Dwarf,Medicinal,Kangaroo Paw (Anigozanthos spp.)
High,High,Vine,Dwarf,Commercial,Bougainvillea (Bougainvillea spp.)
High,High,Vine,Large,Ornamental,Plumeria (Plumeria spp.)
High,High,Vine,Large,Medicinal,Aloe Vera (Aloe barbadensis miller)
High,High,Vine,Large,Commercial,Oleander (Nerium oleander)
High,High,Vine,Tall,Ornamental,Canna Lily (Canna indica)
High,High,Vine,Tall,Medicinal,Hibiscus (Hibiscus rosa-sinensis)
High,High,Vine,Tall,Commercial,Yucca (Yucca filamentosa)
High,High,Ground cover,Small,Ornamental,Desert Rose (Adenium obesum)
High,High,Ground cover,Small,Medicinal,Heliconia (Heliconia spp.)
High,High,Ground cover,Small,Commercial,Cypress (Cupressus spp.)
High,High,Ground cover,Medium,Ornamental,Citrus Tree (Citrus spp.)
High,High,Ground cover,Medium,Medicinal,Bitter Melon (Momordica charantia)
High,High,Ground cover,Medium,Commercial,Passion Fruit Vine (Passiflora edulis)
High,High,Ground cover,Dwarf,Ornamental,Jade Plant (Crassula ovata)
High,High,Ground cover,Dwarf,Medicinal,Mango Tree (Mangifera indica)
High,High,Ground cover,Dwarf,Commercial,Cocoa Tree (Theobroma cacao)
High,High,Ground cover,Large,Ornamental,Tropical Ginger (Zingiber zerumbet)
High,High,Ground cover,Large,Medicinal,Red Banana (Ensete ventricosum)
High,High,Ground cover,Large,Commercial,Rex Begonia (Begonia rex)
High,High,Ground cover,Tall,Ornamental,Chili Pepper (Capsicum annuum)
High,High,Ground cover,Tall,Medicinal,Maranta (Maranta spp.)
High,High,Ground cover,Tall,Commercial,Angel’s Trumpet (Brugmansia spp.)
High,High,Herbaceous,Small,Ornamental,Bird of Paradise (Strelitzia reginae)
High,High,Herbaceous,Small,Medicinal,Dragon Tree (Dracaena draco)
High,High,Herbaceous,Small,Commercial,Bamboo Palm (Chamaedorea seifrizii)
High,High,Herbaceous,Medium,Ornamental,Kangaroo Paw (Anigozanthos spp.)
High,High,Herbaceous,Medium,Medicinal,Bougainvillea (Bougainvillea spp.)
High,High,Herbaceous,Medium,Commercial,Plumeria (Plumeria spp.)
High,High,Herbaceous,Dwarf,Ornamental,Aloe Vera (Aloe barbadensis miller)
High,High,Herbaceous,Dwarf,Medicinal,Oleander (Nerium oleander)
High,High,Herbaceous,Dwarf,Commercial,Canna Lily (Canna indica)
High,High,Herbaceous,Large,Ornamental,Hibiscus (Hibiscus rosa-sinensis)
High,High,Herbaceous,Large,Medicinal,Yucca (Yucca filamentosa)
High,High,Herbaceous,Large,Commercial,Desert Rose (Adenium obesum)
High,High,Herbaceous,Tall,Ornamental,Heliconia (Heliconia spp.)
High,High,Herbaceous,Tall,Medicinal,Cypress (Cupressus spp.)
High,High,Herbaceous,Tall,Commercial,Citrus Tree (Citrus spp.)
High,High,Grass,Small,Ornamental,Bitter Melon (Momordica charantia)
High,High,Grass,Small,Medicinal,Passion Fruit Vine (Passiflora edulis)
High,High,Grass,Small,Commercial,Jade Plant (Crassula ovata)
High,High,Grass,Medium,Ornamental,Mango Tree (Mangifera indica)
High,High,Grass,Medium,Medicinal,Cocoa Tree (Theobroma cacao)
High,High,Grass,Medium,Commercial,Tropical Ginger (Zingiber zerumbet)
High,High,Grass,Dwarf,Ornamental,Red Banana (Ensete ventricosum)
High,High,Grass,Dwarf,Medicinal,Rex Begonia (Begonia rex)
High,High,Grass,Dwarf,Commercial,Chili Pepper (Capsicum annuum)
High,High,Grass,Large,Ornamental,Maranta (Maranta spp.)
High,High,Grass,Large,Medicinal,Angel’s Trumpet (Brugmansia spp.)
High,High,Grass,Large,Commercial,Bird of Paradise (Strelitzia reginae)
High,High,Grass,Tall,Ornamental,Dragon Tree (Dracaena draco)
High,High,Grass,Tall,Medicinal,Bamboo Palm (Chamaedorea seifrizii)
High,High,Grass,Tall,Commercial,Kangaroo Paw (Anigozanthos spp.)
